<?xml version="1.0" encoding="UTF-8" ?>
<!-- Generated by Oracle SOA Modeler version 12.2.1.4.0.190828 at [05/12/22 17:42]. -->
<composite name="BookStore"
           revision="1.0"
           label="2022-12-05_17-42-01_317"
           mode="active"
           state="on"
           xmlns="http://xmlns.oracle.com/sca/1.0"
           xmlns:xs="http://www.w3.org/2001/XMLSchema"
           xmlns:wsp="http://schemas.xmlsoap.org/ws/2004/09/policy"
           xmlns:orawsp="http://schemas.oracle.com/ws/2006/01/policy"
           xmlns:ui="http://xmlns.oracle.com/soa/designer/"
           xmlns:sca-ext="http://xmlns.oracle.com/sca/1.0-ext">
  <import namespace="http://packtpub.com/Bookstore/BooksotreABPEL" location="WSDLs/BookStoreABPEL.wsdl"
          importType="wsdl"/>
  <service name="bookstoreabpel_client_ep" ui:wsdlLocation="WSDLs/BookStoreABPEL.wsdl">
    <interface.wsdl interface="http://packtpub.com/Bookstore/BooksotreABPEL#wsdl.interface(BookStoreABPEL)"/>
    <binding.ws port="http://packtpub.com/Bookstore/BooksotreABPEL#wsdl.endpoint(bookstoreabpel_client_ep/BookStoreABPEL_pt)"/>
  </service>
  <property name="productVersion" type="xs:string" many="false">12.2.1.4.0.190828</property>
  <property name="compositeID" type="xs:string" many="false">78e0006a-65b5-492c-8c8e-63475fd0956f</property>
  <component name="BookStoreABPEL" version="2.0">
    <implementation.bpel src="BPEL/BookStoreABPEL.bpel"/>
    <componentType>
      <service name="bookstoreabpel_client" ui:wsdlLocation="WSDLs/BookStoreABPEL.wsdl">
        <interface.wsdl interface="http://packtpub.com/Bookstore/BooksotreABPEL#wsdl.interface(BookStoreABPEL)"/>
      </service>
    </componentType>
    <property name="bpel.config.transaction" type="xs:string" many="false">required</property>
  </component>
  <wire>
    <source.uri>bookstoreabpel_client_ep</source.uri>
    <target.uri>BookStoreABPEL/bookstoreabpel_client</target.uri>
  </wire>
</composite>
